{
  "data" : [
    {
      "id" : "template-Hello",
      "type" : "template",
      "template" : "Hello"
    },
    {
      "id" : "template-Hello {name}",
      "type" : "template",
      "template" : "Hello {name}",
      "requirements" : [
        {
          "name" : "name",
          "negative" : false
        }
      ]
    },
    {
      "id" : "template-Hi {name}",
      "type" : "template",
      "template" : "Hi {name}",
      "requirements" : [
        {
          "name" : "name",
          "negative" : false
        }
      ]
    },
    {
      "id" : "template-Hi {user name}",
      "type" : "template",
      "template" : "Hi {user name}",
      "requirements" : [
        {
          "name" : "user name",
          "negative" : false
        }
      ]
    },
    {
      "id" : "template-How are you ?",
      "type" : "template",
      "template" : "How are you ?",
      "requirements" : [
        {
          "name" : "status",
          "negative" : true
        }
      ]
    },
    {
      "id" : "template-I am {status}",
      "type" : "template",
      "template" : "I am {status}",
      "requirements" : [
        {
          "name" : "status",
          "negative" : false
        }
      ]
    },
    {
      "id" : "template-What is your name ?",
      "type" : "template",
      "template" : "What is your name ?",
      "requirements" : [
        {
          "name" : "status",
          "negative" : false
        }
      ]
    }
  ]
}