{
  "data" : [
    {
      "name" : "",
      "turns" : [
        {
          "user" : "Hello",
          "entities" : [
            {
              "entity" : "Intent",
              "value" : "\"greeting\""
            }
          ],
          "operations" : [
            {
              "action" : "template-Hello"
            },
            {
              "action" : "template-How are you ?"
            },
            {
              "action" : "template-What is your name ?"
            }
          ]
        },
        {
          "user" : "My name is John",
          "entities" : [
            {
              "entity" : "Intent",
              "value" : "\"user name\""
            },
            {
              "entity" : "name",
              "value" : "\"John\"",
              "start" : 11,
              "end" : 15
            }
          ],
          "operations" : [
            {
              "action" : "template-Hi {name}"
            }
          ]
        }
      ]
    }
  ]
}