{
  "data" : {
    "lookups" : [
      "free-text",
      "keywords",
      "trait"
    ],
    "name" : "Intent",
    "lang" : "en",
    "exotic" : false,
    "id" : "Intent",
    "values" : [
      {
        "value" : "appearance"
      },
      {
        "value" : "appreciation"
      },
      {
        "value" : "greeting"
      },
      {
        "value" : "holidays"
      },
      {
        "value" : "insult"
      },
      {
        "value" : "joke"
      },
      {
        "value" : "maps"
      },
      {
        "value" : "meaning of life"
      },
      {
        "value" : "news"
      },
      {
        "value" : "personal status"
      },
      {
        "value" : "snow white"
      },
      {
        "value" : "tvstate"
      },
      {
        "value" : "user name",
        "expressions" : [
          "John"
        ]
      },
      {
        "value" : "user status"
      },
      {
        "value" : "weather"
      }
    ],
    "doc" : "User-defined entity",
    "builtin" : false
  }
}