{
  "data" : {
    "lookups" : [
      "free-text",
      "keywords",
      "trait"
    ],
    "name" : "name",
    "lang" : "en",
    "exotic" : false,
    "id" : "name",
    "values" : [
      {
        "value" : "John",
        "expressions" : [
          "John"
        ]
      },
      {
        "value" : "Luc",
        "expressions" : [
          "Luc"
        ]
      },
      {
        "value" : "Pierre",
        "expressions" : [
          "Pierre"
        ]
      },
      {
        "value" : "Sergio",
        "expressions" : [
          "Sergio"
        ]
      },
      {
        "value" : "grat",
        "expressions" : [
          "grat"
        ]
      },
      {
        "value" : "sylvia",
        "expressions" : [
          "sylvia"
        ]
      }
    ],
    "doc" : "User-defined entity",
    "builtin" : false
  }
}