{
  "data" : {
    "lookups" : [
      "free-text",
      "keywords",
      "trait"
    ],
    "name" : "tv",
    "lang" : "en",
    "exotic" : false,
    "id" : "tv",
    "values" : [
      {
        "value" : "changechannel",
        "expressions" : [
          "changechannel"
        ]
      },
      {
        "value" : "mute",
        "expressions" : [
          "mute"
        ]
      },
      {
        "value" : "nextchannel",
        "expressions" : [
          "nextchannel"
        ]
      },
      {
        "value" : "off"
      },
      {
        "value" : "on",
        "expressions" : [
          "on"
        ]
      },
      {
        "value" : "previouschannel",
        "expressions" : [
          "previouschannel"
        ]
      },
      {
        "value" : "record",
        "expressions" : [
          "record"
        ]
      },
      {
        "value" : "volumedown",
        "expressions" : [
          "volumedown"
        ]
      },
      {
        "value" : "volumeup",
        "expressions" : [
          "volumeup"
        ]
      }
    ],
    "doc" : "User-defined entity",
    "builtin" : false
  }
}