{
  "data" : {
    "lookups" : [
      "free-text",
      "keywords"
    ],
    "name" : "tvchannel",
    "lang" : "en",
    "exotic" : false,
    "id" : "tvchannel",
    "values" : [
      {
        "value" : "1",
        "expressions" : [
          "1",
          "TF1"
        ]
      },
      {
        "value" : "14",
        "expressions" : [
          "14",
          "France 4"
        ]
      },
      {
        "value" : "18",
        "expressions" : [
          "18"
        ]
      },
      {
        "value" : "2",
        "expressions" : [
          "2",
          "France 2"
        ]
      },
      {
        "value" : "4",
        "expressions" : [
          "4",
          "Canal Plus"
        ]
      }
    ],
    "doc" : "User-defined entity",
    "builtin" : false
  }
}